file,L_mean,a_mean,b_mean,raw_ASTM,ASTM,label
Fresh.jpeg,126.04468536376953,127.08541107177734,152.3357696533203,1.0,0.5,Fresh
